{"cameraMode":{"drawMode":0,"name":"Shaded","section":"Shading Mode"},"sceneLighting":false,"audioPlay":false,"sceneViewState":{"showFog":true,"showMaterialUpdate":false,"showSkybox":true,"showFlares":true,"showImageEffects":true,"showParticleSystems":true},"in2DMode":false,"pivot":{"x":0.7300000190734863,"y":0.0,"z":-1.7300000190734864},"rotation":{"x":0.2796817123889923,"y":0.0175781212747097,"z":-0.005122262518852949,"w":0.959918200969696},"size":1.9117940664291382,"orthographic":false}