{"cameraMode":{"drawMode":0,"name":"Shaded","section":"Shading Mode"},"sceneLighting":false,"audioPlay":false,"sceneViewState":{"showFog":true,"showMaterialUpdate":false,"showSkybox":true,"showFlares":true,"showImageEffects":true,"showParticleSystems":true},"in2DMode":false,"pivot":{"x":11.584786415100098,"y":2.7398345470428469,"z":14.421875},"rotation":{"x":0.03997315466403961,"y":-0.10058069974184036,"z":-0.004043485037982464,"w":-0.9941173791885376},"size":122.08799743652344,"orthographic":true}