{"cameraMode":{"drawMode":0,"name":"Shaded","section":"Shading Mode"},"sceneLighting":false,"audioPlay":false,"sceneViewState":{"showFog":true,"showMaterialUpdate":false,"showSkybox":true,"showFlares":true,"showImageEffects":true,"showParticleSystems":true},"in2DMode":false,"pivot":{"x":1.652605414390564,"y":0.5057103037834168,"z":0.9912722110748291},"rotation":{"x":-0.010892814956605435,"y":0.9766333103179932,"z":-0.20848308503627778,"w":-0.05102595314383507},"size":1.9117939472198487,"orthographic":false}