{"cameraMode":{"drawMode":0,"name":"Shaded","section":"Shading Mode"},"sceneLighting":false,"audioPlay":false,"sceneViewState":{"showFog":true,"showMaterialUpdate":false,"showSkybox":true,"showFlares":true,"showImageEffects":true,"showParticleSystems":true},"in2DMode":false,"pivot":{"x":0.7300000190734863,"y":0.0,"z":-1.7300000190734864},"rotation":{"x":-0.0017870209412649274,"y":0.9686856865882874,"z":-0.24818609654903413,"w":-0.006974003743380308},"size":1.9117941856384278,"orthographic":false}